Timestamp (s),X Position (cm),Y Position (cm),Raw X Position (cm),Raw Y Position (cm),VX (m/s),VY (m/s),Raw VX (m/s),Raw VY (m/s),Altitude (m),Heading (deg)
766.4807,1.3529,1.2796,0.8651,0.4840,-0.0062,0.0020,-0.0066,-0.0093,0.4200,264.2302
766.6389,1.2972,1.3457,0.7605,0.4926,-0.0035,0.0042,-0.0066,0.0005,0.4200,264.1752
766.9325,1.3010,1.3568,0.7500,0.6703,0.0001,0.0004,-0.0004,0.0061,0.4200,263.8846
767.0964,1.3512,1.4944,0.7597,0.5616,0.0031,0.0084,0.0006,-0.0066,0.4200,263.6367
767.2364,1.1574,1.5575,0.5535,0.6398,-0.0138,0.0045,-0.0147,0.0056,0.4200,263.5078
767.4019,1.2019,1.4621,0.5281,0.4967,0.0027,-0.0058,-0.0015,-0.0087,0.4200,263.3654
767.5718,1.1867,1.4031,0.5439,0.5701,-0.0009,-0.0035,0.0009,0.0043,0.4200,263.7040
767.7246,1.1787,1.3935,0.4115,0.5495,-0.0005,-0.0006,-0.0087,-0.0013,0.4200,263.5299
767.8624,1.0566,1.4039,0.2719,0.6041,-0.0089,0.0008,-0.0101,0.0040,0.4200,263.4011
767.9931,1.0433,1.3170,0.3038,0.6265,-0.0010,-0.0066,0.0024,0.0017,0.4200,263.3139
768.1329,0.9303,1.4342,0.1297,0.5670,-0.0081,0.0084,-0.0124,-0.0043,0.4200,263.2191
768.2709,1.0358,1.3113,0.1830,0.6064,0.0076,-0.0089,0.0039,0.0029,0.4200,263.0374
768.4082,0.9783,1.3099,0.1383,0.6175,-0.0042,-0.0001,-0.0033,0.0008,0.4200,262.9061
768.5274,0.9458,1.3149,0.0451,0.6305,-0.0027,0.0004,-0.0078,0.0011,0.4200,262.8702
768.7128,0.8879,1.1247,0.2016,0.5066,-0.0031,-0.0103,0.0084,-0.0067,0.4200,262.8327
768.8983,0.8837,1.1228,0.0606,0.3799,-0.0002,-0.0001,-0.0076,-0.0068,0.4200,262.7637
769.0246,0.8247,1.1411,0.0366,0.4385,-0.0047,0.0014,-0.0019,0.0046,0.4200,262.4554
769.1518,0.6252,1.1368,-0.0923,0.2895,-0.0157,-0.0003,-0.0101,-0.0117,0.4200,262.4262
769.3011,0.4312,1.1022,-0.3189,0.3384,-0.0130,-0.0023,-0.0152,0.0033,0.4200,262.1801
769.4307,0.3915,1.2107,-0.4133,0.4176,-0.0031,0.0084,-0.0073,0.0061,0.4200,262.3187
769.5664,-0.0129,1.2040,-0.7264,0.5156,-0.0298,-0.0005,-0.0231,0.0072,0.4200,262.1369
769.7013,-0.5579,1.4545,-1.1880,0.5925,-0.0404,0.0186,-0.0342,0.0057,0.4200,261.6276
769.8465,-1.0079,1.2651,-1.6457,0.3936,-0.0310,-0.0130,-0.0315,-0.0137,0.4200,261.5404
769.9925,-1.5803,1.2233,-2.2062,0.3329,-0.0392,-0.0029,-0.0384,-0.0042,0.4200,261.2555
770.1225,-2.2235,1.3381,-2.9033,0.4622,-0.0495,0.0088,-0.0536,0.0099,0.4200,260.8059
770.2731,-2.8220,1.3757,-3.3772,0.3513,-0.0397,0.0025,-0.0315,-0.0074,0.4200,260.4222
770.4192,-3.4546,1.4425,-4.1940,0.2769,-0.0433,0.0046,-0.0559,-0.0051,0.4200,260.2605
770.5611,-4.0730,1.3741,-4.6486,0.4759,-0.0436,-0.0048,-0.0320,0.0140,0.4200,260.3339
770.7087,-4.3461,1.6142,-4.9307,0.9138,-0.0185,0.0163,-0.0191,0.0297,0.4200,260.1368
770.8360,-5.1810,1.7873,-6.1263,0.5581,-0.0656,0.0136,-0.0939,-0.0279,0.4200,259.9594
770.9677,-5.7780,1.3948,-6.7013,0.2410,-0.0453,-0.0298,-0.0437,-0.0241,0.4200,260.0336
771.0988,-5.8457,1.3170,-6.8734,0.6647,-0.0052,-0.0059,-0.0131,0.0323,0.4200,260.0359
771.2589,-6.6151,1.9541,-7.8952,1.2913,-0.0480,0.0398,-0.0638,0.0391,0.4200,260.3339
771.4146,-6.9881,1.7577,-8.1189,1.0551,-0.0240,-0.0126,-0.0144,-0.0152,0.4200,260.9182
771.5371,-7.1883,1.8264,-8.2218,1.3897,-0.0164,0.0056,-0.0084,0.0273,0.4200,261.8272
771.6904,-7.4473,2.1165,-8.5082,1.5912,-0.0169,0.0189,-0.0187,0.0131,0.4200,262.3649
771.9268,-8.0952,2.1274,-9.2175,1.9234,-0.0274,0.0005,-0.0300,0.0141,0.4200,262.7406
772.0850,-8.7274,2.0090,-9.9606,1.8791,-0.0399,-0.0075,-0.0470,-0.0028,0.4200,262.8722
772.2206,-9.3731,1.9703,-10.4073,2.0171,-0.0476,-0.0029,-0.0329,0.0102,0.4200,262.9163
772.3512,-9.9172,1.9173,-10.9349,2.1025,-0.0417,-0.0041,-0.0404,0.0065,0.4200,262.9466
772.5065,-10.6526,1.8904,-11.7255,1.9461,-0.0473,-0.0017,-0.0509,-0.0101,0.4200,263.2956
772.6499,-11.3719,1.6772,-12.3972,1.6387,-0.0502,-0.0149,-0.0469,-0.0214,0.4200,263.1720
772.7694,-12.0013,1.5104,-12.9044,1.6455,-0.0526,-0.0140,-0.0424,0.0006,0.4200,262.7557
772.9060,-12.4895,1.7558,-13.2149,1.7975,-0.0357,0.0180,-0.0227,0.0111,0.4200,262.9114
773.0591,-13.0409,1.5360,-13.9628,1.5719,-0.0360,-0.0144,-0.0489,-0.0147,0.4200,262.8919
773.2060,-13.7891,1.4059,-14.6482,1.4675,-0.0509,-0.0089,-0.0467,-0.0071,0.4200,263.1959
773.3295,-14.2551,1.4823,-15.2951,1.7614,-0.0377,0.0062,-0.0524,0.0238,0.4200,263.1498
773.4628,-14.8949,1.4880,-15.9888,1.4682,-0.0480,0.0004,-0.0521,-0.0220,0.4200,263.3197
773.5875,-15.7786,1.2788,-16.7220,1.2336,-0.0708,-0.0168,-0.0588,-0.0188,0.4200,263.4245
773.7268,-15.9213,1.0882,-16.6927,1.2063,-0.0102,-0.0137,0.0021,-0.0020,0.4200,263.4548
773.8764,-16.0491,1.2341,-17.0311,1.3574,-0.0085,0.0097,-0.0226,0.0101,0.4200,263.5943
774.0029,-16.7281,1.0654,-17.4085,1.2269,-0.0537,-0.0133,-0.0299,-0.0103,0.4200,263.7327
774.1265,-16.7619,1.1988,-17.3327,1.3952,-0.0027,0.0108,0.0061,0.0136,0.4200,263.9882
774.2537,-17.2057,1.1551,-17.8119,1.2229,-0.0349,-0.0034,-0.0377,-0.0135,0.4200,263.8435
774.3824,-17.8728,1.6820,-18.6002,1.8113,-0.0518,0.0409,-0.0612,0.0457,0.4200,263.2511
774.5004,-18.6455,1.2926,-19.6693,0.8767,-0.0655,-0.0330,-0.0906,-0.0792,0.4200,263.1705
774.6244,-19.3741,0.9535,-20.3350,0.7100,-0.0588,-0.0274,-0.0537,-0.0135,0.4200,262.8040
774.7425,-20.2749,1.1085,-21.2565,0.6768,-0.0763,0.0131,-0.0780,-0.0028,0.4200,262.9678
774.8924,-20.7772,0.9891,-21.6427,0.6775,-0.0335,-0.0080,-0.0258,0.0000,0.4200,262.4961
775.0416,-21.7785,0.9474,-22.6435,0.6738,-0.0671,-0.0028,-0.0671,-0.0002,0.4200,262.2058
775.2013,-22.6830,1.1474,-23.5278,0.8070,-0.0566,0.0125,-0.0554,0.0083,0.4200,261.8699
775.3316,-23.3408,0.9925,-24.2167,0.6569,-0.0505,-0.0119,-0.0529,-0.0115,0.4200,261.4067
775.4890,-24.1001,1.1483,-24.9616,0.4941,-0.0482,0.0099,-0.0473,-0.0103,0.4200,261.4274
775.6292,-24.9764,0.9977,-25.7750,0.2624,-0.0625,-0.0107,-0.0580,-0.0165,0.4200,261.1650
775.7678,-25.7913,0.9145,-26.5711,0.2378,-0.0588,-0.0060,-0.0575,-0.0018,0.4200,260.8539
775.8927,-26.3430,0.8656,-27.0906,0.0006,-0.0441,-0.0039,-0.0416,-0.0190,0.4200,260.7025
776.0212,-26.9856,0.7050,-27.6458,-0.0969,-0.0500,-0.0125,-0.0432,-0.0076,0.4200,260.5633
776.1447,-27.4118,0.7419,-28.3002,-0.0641,-0.0345,0.0030,-0.0530,0.0027,0.4200,260.3910
776.2942,-28.0224,0.7091,-29.0174,-0.1348,-0.0408,-0.0022,-0.0480,-0.0047,0.4200,260.2260
776.4228,-28.7561,0.6898,-29.8077,-0.1819,-0.0571,-0.0015,-0.0615,-0.0037,0.4200,260.5196
776.5565,-29.1304,0.5396,-30.1704,-0.1331,-0.0280,-0.0112,-0.0271,0.0036,0.4200,260.5809
776.7038,-29.7146,0.4700,-30.6258,-0.1784,-0.0397,-0.0047,-0.0309,-0.0031,0.4200,260.9382
776.8476,-30.3645,0.3501,-31.1165,-0.4403,-0.0452,-0.0083,-0.0341,-0.0182,0.4200,260.5843
776.9914,-31.0027,0.1599,-31.8549,-0.7357,-0.0444,-0.0132,-0.0513,-0.0205,0.4200,260.2583
777.1260,-31.8128,-0.2103,-32.8024,-0.9412,-0.0602,-0.0275,-0.0704,-0.0153,0.4200,260.2097
777.2612,-32.5172,-0.0797,-33.5608,-0.5881,-0.0521,0.0097,-0.0561,0.0261,0.4200,259.9948
777.4227,-33.3357,-0.3972,-34.4293,-0.9539,-0.0507,-0.0197,-0.0538,-0.0226,0.4200,260.0470
777.5613,-33.6037,-0.6351,-34.6827,-1.3547,-0.0193,-0.0172,-0.0183,-0.0289,0.4200,260.8910
777.7319,-33.9719,-0.8928,-34.9864,-1.3783,-0.0216,-0.0151,-0.0178,-0.0014,0.4200,261.1236
777.8684,-33.8563,-0.9887,-35.0051,-1.3568,0.0085,-0.0070,-0.0014,0.0016,0.4200,261.5760
778.0066,-34.0260,-0.9083,-35.0880,-1.2394,-0.0123,0.0058,-0.0060,0.0085,0.4200,261.8912
778.1481,-34.1617,-0.5669,-35.1857,-1.0895,-0.0096,0.0241,-0.0069,0.0106,0.4200,262.0111
778.2892,-34.1838,-0.8128,-35.2721,-1.5754,-0.0016,-0.0174,-0.0061,-0.0344,0.4200,261.9916
778.4284,-34.1508,-1.1974,-35.0896,-1.5440,0.0024,-0.0276,0.0131,0.0023,0.3800,261.9208
778.5780,-34.2108,-1.2571,-34.8405,-1.7891,-0.0040,-0.0040,0.0167,-0.0164,0.3800,261.9848
778.7482,-34.3165,-1.6531,-34.7810,-2.2281,-0.0062,-0.0233,0.0035,-0.0258,0.3800,261.8690
778.8810,-34.4932,-1.5644,-34.8463,-2.5095,-0.0133,0.0067,-0.0049,-0.0212,0.3800,261.3685
778.9988,-34.7367,-1.8610,-35.1879,-2.9624,-0.0207,-0.0252,-0.0290,-0.0385,0.3800,260.8957
779.1187,-35.1067,-2.3159,-35.3341,-3.6778,-0.0309,-0.0380,-0.0122,-0.0597,0.3800,260.5798
779.2753,-35.2595,-2.7615,-35.4479,-4.1449,-0.0098,-0.0285,-0.0073,-0.0298,0.3800,260.2921
779.4111,-35.3913,-2.9665,-35.4931,-4.2979,-0.0097,-0.0151,-0.0033,-0.0113,0.3000,260.1466
779.5648,-35.5776,-3.2573,-35.5188,-4.6510,-0.0121,-0.0189,-0.0017,-0.0230,0.3000,259.9123
779.6852,-35.6457,-3.6610,-35.4536,-5.0490,-0.0057,-0.0335,0.0054,-0.0331,0.3000,259.5515
779.8218,-35.9324,-3.8190,-35.7508,-5.2781,-0.0210,-0.0116,-0.0218,-0.0168,0.3000,259.2931
779.9649,-36.5554,-4.3540,-36.2738,-5.8762,-0.0435,-0.0374,-0.0365,-0.0418,0.3000,258.7285
780.0959,-36.8934,-4.8486,-36.4450,-6.3702,-0.0258,-0.0378,-0.0131,-0.0377,0.3000,258.1764
780.2206,-37.3407,-5.3341,-36.9305,-6.8637,-0.0359,-0.0389,-0.0389,-0.0396,0.3000,258.0459
780.3389,-37.7851,-5.9225,-37.0590,-7.4040,-0.0376,-0.0497,-0.0109,-0.0457,0.3000,257.9403
780.4727,-37.7985,-6.2697,-37.0251,-7.7218,-0.0010,-0.0259,0.0025,-0.0237,0.3000,257.5884
780.5887,-38.0649,-6.4351,-37.5743,-7.6694,-0.0230,-0.0143,-0.0474,0.0045,0.3000,258.0785
780.7287,-38.6917,-6.7435,-38.2140,-8.0992,-0.0448,-0.0220,-0.0457,-0.0307,0.3000,258.0394
780.8544,-39.0270,-7.4207,-38.5448,-8.7723,-0.0267,-0.0539,-0.0263,-0.0536,0.3000,257.6521
780.9673,-39.7190,-7.6599,-39.2244,-9.0582,-0.0613,-0.0212,-0.0602,-0.0253,0.3000,257.6303
781.0855,-40.4778,-8.5189,-39.9413,-9.8615,-0.0642,-0.0726,-0.0606,-0.0679,0.3000,257.4119
781.1989,-41.1212,-9.5546,-40.4315,-10.8456,-0.0567,-0.0913,-0.0432,-0.0868,0.3000,257.8640
781.2929,-42.2951,-10.1418,-41.5948,-11.4253,-0.1249,-0.0625,-0.1238,-0.0617,0.3000,257.6719
781.3944,-43.5966,-11.5559,-42.8707,-12.7538,-0.1283,-0.1394,-0.1257,-0.1309,0.3000,257.3321
781.4923,-44.4725,-11.8796,-43.6279,-13.0171,-0.0895,-0.0331,-0.0773,-0.0269,0.3000,257.2492
781.6007,-45.0882,-12.6046,-44.2565,-13.6627,-0.0567,-0.0668,-0.0580,-0.0595,0.3000,257.3754
781.7014,-45.6984,-11.8966,-45.0784,-12.7114,-0.0606,0.0703,-0.0816,0.0945,0.3000,257.6479
781.8098,-47.2898,-11.7155,-46.8751,-12.4727,-0.1468,0.0167,-0.1658,0.0220,0.3000,257.3974
781.9119,-47.1711,-10.8069,-46.5345,-11.7309,0.0116,0.0890,0.0334,0.0727,0.3000,257.9716
782.0040,-46.6530,-11.4751,-46.1010,-12.0809,0.0563,-0.0726,0.0471,-0.0380,0.3000,258.8958
782.1062,-46.4496,-11.4399,-46.1201,-11.6671,0.0199,0.0034,-0.0019,0.0405,0.3000,260.1904
782.2140,-46.0526,-11.1671,-45.8101,-11.4821,0.0368,0.0253,0.0288,0.0172,0.3000,260.2678
782.3096,-45.7223,-11.3379,-45.6807,-11.7164,0.0345,-0.0179,0.0135,-0.0245,0.3000,260.5741
782.4262,-45.4807,-11.7092,-45.4996,-11.6095,0.0207,-0.0318,0.0155,0.0092,0.3000,261.2665
782.5398,-45.4995,-11.9082,-45.6129,-11.5156,-0.0017,-0.0175,-0.0100,0.0083,0.3000,261.3424
782.6670,-45.5540,-12.5079,-45.6254,-11.6289,-0.0043,-0.0471,-0.0010,-0.0089,0.3000,260.8094
782.7748,-45.5746,-12.6214,-45.5896,-11.6492,-0.0019,-0.0105,0.0033,-0.0019,0.3000,258.8878
782.8749,-45.2738,-12.8780,-45.4202,-11.6731,0.0301,-0.0257,0.0169,-0.0024,0.3000,258.8263
782.9711,-45.3268,-12.9062,-45.5129,-11.7069,-0.0055,-0.0029,-0.0096,-0.0035,0.3000,258.8140
783.0622,-45.5237,-13.0289,-45.7596,-11.7243,-0.0216,-0.0135,-0.0271,-0.0019,0.3000,258.8884
783.1640,-45.5358,-13.0724,-45.8905,-11.6249,-0.0012,-0.0043,-0.0129,0.0098,0.3000,259.0424
783.2801,-45.4524,-12.8076,-45.8028,-11.5524,0.0072,0.0228,0.0075,0.0063,0.3000,259.0730
783.3829,-45.5367,-12.6047,-45.8710,-11.3698,-0.0082,0.0197,-0.0066,0.0178,0.3000,259.0497
783.4858,-45.9962,-12.4884,-46.3360,-11.2418,-0.0447,0.0113,-0.0452,0.0124,0.3000,259.0579
783.5749,-45.9271,-12.6289,-46.2622,-11.4356,0.0078,-0.0158,0.0083,-0.0217,0.0000,259.0378
783.6932,-45.9271,-12.6289,-46.2622,-11.4356,-0.0000,0.0000,0.0000,0.0000,0.0000,259.0309
783.8279,-45.9271,-12.6289,-46.2622,-11.4356,-0.0000,0.0000,-0.0000,0.0000,0.0000,259.0481
783.9306,-45.9271,-12.6289,-46.2622,-11.4356,-0.0000,0.0000,0.0000,0.0000,0.0000,259.0643
784.0448,-45.9271,-12.6289,-46.2622,-11.4356,-0.0000,0.0000,-0.0000,0.0000,0.0000,259.0812
784.1534,-45.9271,-12.6289,-46.2622,-11.4356,0.0000,0.0000,0.0000,0.0000,0.0000,259.0919
784.2728,-45.9271,-12.6289,-46.2622,-11.4356,-0.0000,0.0000,0.0000,0.0000,0.0000,259.1021
784.3970,-45.9271,-12.6289,-46.2622,-11.4356,-0.0000,0.0000,0.0000,-0.0000,0.0000,259.1016
784.4856,-45.9271,-12.6289,-46.2622,-11.4356,0.0000,0.0000,0.0000,0.0000,0.0000,259.0288
784.5832,-45.9271,-12.6289,-46.2622,-11.4356,0.0000,-0.0000,0.0000,-0.0000,0.0000,259.0661
784.6846,-45.9271,-12.6289,-46.2622,-11.4356,-0.0000,0.0000,-0.0000,0.0000,0.0000,259.1192
784.8235,-45.9271,-12.6289,-46.2622,-11.4356,-0.0000,0.0000,0.0000,-0.0000,0.0000,259.1268
784.9406,-45.9271,-12.6289,-46.2622,-11.4356,0.0000,0.0000,0.0000,0.0000,0.0000,259.1340
785.0697,-45.9271,-12.6289,-46.2622,-11.4356,-0.0000,0.0000,0.0000,0.0000,0.0000,259.0514
785.1829,-45.9271,-12.6289,-46.2622,-11.4356,-0.0000,0.0000,-0.0000,0.0000,0.0000,259.0605
785.2838,-45.9271,-12.6289,-46.2622,-11.4356,0.0000,-0.0000,0.0000,-0.0000,0.0000,259.1377
785.3952,-45.9271,-12.6289,-46.2622,-11.4356,-0.0000,0.0000,-0.0000,0.0000,0.0000,259.1593
785.4969,-45.9271,-12.6289,-46.2622,-11.4356,0.0000,0.0000,0.0000,-0.0000,0.0000,259.1646
785.6015,-45.9271,-12.6289,-46.2622,-11.4356,-0.0000,0.0000,0.0000,0.0000,0.0000,259.1682
785.7042,-45.9271,-12.6289,-46.2622,-11.4356,-0.0000,0.0000,-0.0000,0.0000,0.0000,259.1613
785.8006,-45.9271,-12.6289,-46.2622,-11.4356,0.0000,-0.0000,0.0000,-0.0000,0.0000,259.1555
785.9007,-45.9271,-12.6289,-46.2622,-11.4356,-0.0000,0.0000,-0.0000,0.0000,0.0000,259.0645
786.0000,-45.9271,-12.6289,-46.2622,-11.4356,-0.0000,0.0000,-0.0000,0.0000,0.0000,259.0282
786.1050,-45.9271,-12.6289,-46.2622,-11.4356,-0.0000,0.0000,-0.0000,0.0000,0.0000,259.0381
786.2021,-45.9271,-12.6289,-46.2622,-11.4356,0.0000,0.0000,0.0000,0.0000,0.0000,259.0537
786.3042,-45.9271,-12.6289,-46.2622,-11.4356,0.0000,0.0000,0.0000,0.0000,0.0000,259.0966
786.4117,-45.9271,-12.6289,-46.2622,-11.4356,-0.0000,0.0000,0.0000,0.0000,0.0000,259.1885
771.5371,-7.1883,1.8264,-8.2218,1.3897,-0.0164,0.0056,-0.0084,0.0273,0.4200,261.8272
771.6904,-7.4473,2.1165,-8.5082,1.5912,-0.0169,0.0189,-0.0187,0.0131,0.4200,262.3649
771.9268,-8.0952,2.1274,-9.2175,1.9234,-0.0274,0.0005,-0.0300,0.0141,0.4200,262.7406
772.0850,-8.7274,2.0090,-9.9606,1.8791,-0.0399,-0.0075,-0.0470,-0.0028,0.4200,262.8722
772.2206,-9.3731,1.9703,-10.4073,2.0171,-0.0476,-0.0029,-0.0329,0.0102,0.4200,262.9163
772.3512,-9.9172,1.9173,-10.9349,2.1025,-0.0417,-0.0041,-0.0404,0.0065,0.4200,262.9466
772.5065,-10.6526,1.8904,-11.7255,1.9461,-0.0473,-0.0017,-0.0509,-0.0101,0.4200,263.2956
772.6499,-11.3719,1.6772,-12.3972,1.6387,-0.0502,-0.0149,-0.0469,-0.0214,0.4200,263.1720
772.7694,-12.0013,1.5104,-12.9044,1.6455,-0.0526,-0.0140,-0.0424,0.0006,0.4200,262.7557
772.9060,-12.4895,1.7558,-13.2149,1.7975,-0.0357,0.0180,-0.0227,0.0111,0.4200,262.9114
773.0591,-13.0409,1.5360,-13.9628,1.5719,-0.0360,-0.0144,-0.0489,-0.0147,0.4200,262.8919
773.2060,-13.7891,1.4059,-14.6482,1.4675,-0.0509,-0.0089,-0.0467,-0.0071,0.4200,263.1959
773.3295,-14.2551,1.4823,-15.2951,1.7614,-0.0377,0.0062,-0.0524,0.0238,0.4200,263.1498
773.4628,-14.8949,1.4880,-15.9888,1.4682,-0.0480,0.0004,-0.0521,-0.0220,0.4200,263.3197
773.5875,-15.7786,1.2788,-16.7220,1.2336,-0.0708,-0.0168,-0.0588,-0.0188,0.4200,263.4245
773.7268,-15.9213,1.0882,-16.6927,1.2063,-0.0102,-0.0137,0.0021,-0.0020,0.4200,263.4548
773.8764,-16.0491,1.2341,-17.0311,1.3574,-0.0085,0.0097,-0.0226,0.0101,0.4200,263.5943
774.0029,-16.7281,1.0654,-17.4085,1.2269,-0.0537,-0.0133,-0.0299,-0.0103,0.4200,263.7327
774.1265,-16.7619,1.1988,-17.3327,1.3952,-0.0027,0.0108,0.0061,0.0136,0.4200,263.9882
774.2537,-17.2057,1.1551,-17.8119,1.2229,-0.0349,-0.0034,-0.0377,-0.0135,0.4200,263.8435
774.3824,-17.8728,1.6820,-18.6002,1.8113,-0.0518,0.0409,-0.0612,0.0457,0.4200,263.2511
774.5004,-18.6455,1.2926,-19.6693,0.8767,-0.0655,-0.0330,-0.0906,-0.0792,0.4200,263.1705
774.6244,-19.3741,0.9535,-20.3350,0.7100,-0.0588,-0.0274,-0.0537,-0.0135,0.4200,262.8040
774.7425,-20.2749,1.1085,-21.2565,0.6768,-0.0763,0.0131,-0.0780,-0.0028,0.4200,262.9678
774.8924,-20.7772,0.9891,-21.6427,0.6775,-0.0335,-0.0080,-0.0258,0.0000,0.4200,262.4961
775.0416,-21.7785,0.9474,-22.6435,0.6738,-0.0671,-0.0028,-0.0671,-0.0002,0.4200,262.2058
775.2013,-22.6830,1.1474,-23.5278,0.8070,-0.0566,0.0125,-0.0554,0.0083,0.4200,261.8699
775.3316,-23.3408,0.9925,-24.2167,0.6569,-0.0505,-0.0119,-0.0529,-0.0115,0.4200,261.4067
775.4890,-24.1001,1.1483,-24.9616,0.4941,-0.0482,0.0099,-0.0473,-0.0103,0.4200,261.4274
775.6292,-24.9764,0.9977,-25.7750,0.2624,-0.0625,-0.0107,-0.0580,-0.0165,0.4200,261.1650
775.7678,-25.7913,0.9145,-26.5711,0.2378,-0.0588,-0.0060,-0.0575,-0.0018,0.4200,260.8539
775.8927,-26.3430,0.8656,-27.0906,0.0006,-0.0441,-0.0039,-0.0416,-0.0190,0.4200,260.7025
776.0212,-26.9856,0.7050,-27.6458,-0.0969,-0.0500,-0.0125,-0.0432,-0.0076,0.4200,260.5633
776.1447,-27.4118,0.7419,-28.3002,-0.0641,-0.0345,0.0030,-0.0530,0.0027,0.4200,260.3910
776.2942,-28.0224,0.7091,-29.0174,-0.1348,-0.0408,-0.0022,-0.0480,-0.0047,0.4200,260.2260
776.4228,-28.7561,0.6898,-29.8077,-0.1819,-0.0571,-0.0015,-0.0615,-0.0037,0.4200,260.5196
776.5565,-29.1304,0.5396,-30.1704,-0.1331,-0.0280,-0.0112,-0.0271,0.0036,0.4200,260.5809
776.7038,-29.7146,0.4700,-30.6258,-0.1784,-0.0397,-0.0047,-0.0309,-0.0031,0.4200,260.9382
776.8476,-30.3645,0.3501,-31.1165,-0.4403,-0.0452,-0.0083,-0.0341,-0.0182,0.4200,260.5843
776.9914,-31.0027,0.1599,-31.8549,-0.7357,-0.0444,-0.0132,-0.0513,-0.0205,0.4200,260.2583
777.1260,-31.8128,-0.2103,-32.8024,-0.9412,-0.0602,-0.0275,-0.0704,-0.0153,0.4200,260.2097
777.2612,-32.5172,-0.0797,-33.5608,-0.5881,-0.0521,0.0097,-0.0561,0.0261,0.4200,259.9948
777.4227,-33.3357,-0.3972,-34.4293,-0.9539,-0.0507,-0.0197,-0.0538,-0.0226,0.4200,260.0470
777.5613,-33.6037,-0.6351,-34.6827,-1.3547,-0.0193,-0.0172,-0.0183,-0.0289,0.4200,260.8910
777.7319,-33.9719,-0.8928,-34.9864,-1.3783,-0.0216,-0.0151,-0.0178,-0.0014,0.4200,261.1236
777.8684,-33.8563,-0.9887,-35.0051,-1.3568,0.0085,-0.0070,-0.0014,0.0016,0.4200,261.5760
778.0066,-34.0260,-0.9083,-35.0880,-1.2394,-0.0123,0.0058,-0.0060,0.0085,0.4200,261.8912
778.1481,-34.1617,-0.5669,-35.1857,-1.0895,-0.0096,0.0241,-0.0069,0.0106,0.4200,262.0111
778.2892,-34.1838,-0.8128,-35.2721,-1.5754,-0.0016,-0.0174,-0.0061,-0.0344,0.4200,261.9916
778.4284,-34.1508,-1.1974,-35.0896,-1.5440,0.0024,-0.0276,0.0131,0.0023,0.3800,261.9208
778.5780,-34.2108,-1.2571,-34.8405,-1.7891,-0.0040,-0.0040,0.0167,-0.0164,0.3800,261.9848
778.7482,-34.3165,-1.6531,-34.7810,-2.2281,-0.0062,-0.0233,0.0035,-0.0258,0.3800,261.8690
778.8810,-34.4932,-1.5644,-34.8463,-2.5095,-0.0133,0.0067,-0.0049,-0.0212,0.3800,261.3685
778.9988,-34.7367,-1.8610,-35.1879,-2.9624,-0.0207,-0.0252,-0.0290,-0.0385,0.3800,260.8957
779.1187,-35.1067,-2.3159,-35.3341,-3.6778,-0.0309,-0.0380,-0.0122,-0.0597,0.3800,260.5798
779.2753,-35.2595,-2.7615,-35.4479,-4.1449,-0.0098,-0.0285,-0.0073,-0.0298,0.3800,260.2921
779.4111,-35.3913,-2.9665,-35.4931,-4.2979,-0.0097,-0.0151,-0.0033,-0.0113,0.3000,260.1466
779.5648,-35.5776,-3.2573,-35.5188,-4.6510,-0.0121,-0.0189,-0.0017,-0.0230,0.3000,259.9123
779.6852,-35.6457,-3.6610,-35.4536,-5.0490,-0.0057,-0.0335,0.0054,-0.0331,0.3000,259.5515
779.8218,-35.9324,-3.8190,-35.7508,-5.2781,-0.0210,-0.0116,-0.0218,-0.0168,0.3000,259.2931
779.9649,-36.5554,-4.3540,-36.2738,-5.8762,-0.0435,-0.0374,-0.0365,-0.0418,0.3000,258.7285
780.0959,-36.8934,-4.8486,-36.4450,-6.3702,-0.0258,-0.0378,-0.0131,-0.0377,0.3000,258.1764
780.2206,-37.3407,-5.3341,-36.9305,-6.8637,-0.0359,-0.0389,-0.0389,-0.0396,0.3000,258.0459
780.3389,-37.7851,-5.9225,-37.0590,-7.4040,-0.0376,-0.0497,-0.0109,-0.0457,0.3000,257.9403
780.4727,-37.7985,-6.2697,-37.0251,-7.7218,-0.0010,-0.0259,0.0025,-0.0237,0.3000,257.5884
780.5887,-38.0649,-6.4351,-37.5743,-7.6694,-0.0230,-0.0143,-0.0474,0.0045,0.3000,258.0785
780.7287,-38.6917,-6.7435,-38.2140,-8.0992,-0.0448,-0.0220,-0.0457,-0.0307,0.3000,258.0394
780.8544,-39.0270,-7.4207,-38.5448,-8.7723,-0.0267,-0.0539,-0.0263,-0.0536,0.3000,257.6521
780.9673,-39.7190,-7.6599,-39.2244,-9.0582,-0.0613,-0.0212,-0.0602,-0.0253,0.3000,257.6303
781.0855,-40.4778,-8.5189,-39.9413,-9.8615,-0.0642,-0.0726,-0.0606,-0.0679,0.3000,257.4119
781.1989,-41.1212,-9.5546,-40.4315,-10.8456,-0.0567,-0.0913,-0.0432,-0.0868,0.3000,257.8640
781.2929,-42.2951,-10.1418,-41.5948,-11.4253,-0.1249,-0.0625,-0.1238,-0.0617,0.3000,257.6719
781.3944,-43.5966,-11.5559,-42.8707,-12.7538,-0.1283,-0.1394,-0.1257,-0.1309,0.3000,257.3321
781.4923,-44.4725,-11.8796,-43.6279,-13.0171,-0.0895,-0.0331,-0.0773,-0.0269,0.3000,257.2492
781.6007,-45.0882,-12.6046,-44.2565,-13.6627,-0.0567,-0.0668,-0.0580,-0.0595,0.3000,257.3754
781.7014,-45.6984,-11.8966,-45.0784,-12.7114,-0.0606,0.0703,-0.0816,0.0945,0.3000,257.6479
781.8098,-47.2898,-11.7155,-46.8751,-12.4727,-0.1468,0.0167,-0.1658,0.0220,0.3000,257.3974
781.9119,-47.1711,-10.8069,-46.5345,-11.7309,0.0116,0.0890,0.0334,0.0727,0.3000,257.9716
782.0040,-46.6530,-11.4751,-46.1010,-12.0809,0.0563,-0.0726,0.0471,-0.0380,0.3000,258.8958
782.1062,-46.4496,-11.4399,-46.1201,-11.6671,0.0199,0.0034,-0.0019,0.0405,0.3000,260.1904
782.2140,-46.0526,-11.1671,-45.8101,-11.4821,0.0368,0.0253,0.0288,0.0172,0.3000,260.2678
782.3096,-45.7223,-11.3379,-45.6807,-11.7164,0.0345,-0.0179,0.0135,-0.0245,0.3000,260.5741
782.4262,-45.4807,-11.7092,-45.4996,-11.6095,0.0207,-0.0318,0.0155,0.0092,0.3000,261.2665
782.5398,-45.4995,-11.9082,-45.6129,-11.5156,-0.0017,-0.0175,-0.0100,0.0083,0.3000,261.3424
782.6670,-45.5540,-12.5079,-45.6254,-11.6289,-0.0043,-0.0471,-0.0010,-0.0089,0.3000,260.8094
782.7748,-45.5746,-12.6214,-45.5896,-11.6492,-0.0019,-0.0105,0.0033,-0.0019,0.3000,258.8878
782.8749,-45.2738,-12.8780,-45.4202,-11.6731,0.0301,-0.0257,0.0169,-0.0024,0.3000,258.8263
782.9711,-45.3268,-12.9062,-45.5129,-11.7069,-0.0055,-0.0029,-0.0096,-0.0035,0.3000,258.8140
783.0622,-45.5237,-13.0289,-45.7596,-11.7243,-0.0216,-0.0135,-0.0271,-0.0019,0.3000,258.8884
783.1640,-45.5358,-13.0724,-45.8905,-11.6249,-0.0012,-0.0043,-0.0129,0.0098,0.3000,259.0424
783.2801,-45.4524,-12.8076,-45.8028,-11.5524,0.0072,0.0228,0.0075,0.0063,0.3000,259.0730
783.3829,-45.5367,-12.6047,-45.8710,-11.3698,-0.0082,0.0197,-0.0066,0.0178,0.3000,259.0497
783.4858,-45.9962,-12.4884,-46.3360,-11.2418,-0.0447,0.0113,-0.0452,0.0124,0.3000,259.0579
783.5749,-45.9271,-12.6289,-46.2622,-11.4356,0.0078,-0.0158,0.0083,-0.0217,0.0000,259.0378
783.6932,-45.9271,-12.6289,-46.2622,-11.4356,-0.0000,0.0000,0.0000,0.0000,0.0000,259.0309
783.8279,-45.9271,-12.6289,-46.2622,-11.4356,-0.0000,0.0000,-0.0000,0.0000,0.0000,259.0481
783.9306,-45.9271,-12.6289,-46.2622,-11.4356,-0.0000,0.0000,0.0000,0.0000,0.0000,259.0643
784.0448,-45.9271,-12.6289,-46.2622,-11.4356,-0.0000,0.0000,-0.0000,0.0000,0.0000,259.0812
784.1534,-45.9271,-12.6289,-46.2622,-11.4356,0.0000,0.0000,0.0000,0.0000,0.0000,259.0919
784.2728,-45.9271,-12.6289,-46.2622,-11.4356,-0.0000,0.0000,0.0000,0.0000,0.0000,259.1021
784.3970,-45.9271,-12.6289,-46.2622,-11.4356,-0.0000,0.0000,0.0000,-0.0000,0.0000,259.1016
784.4856,-45.9271,-12.6289,-46.2622,-11.4356,0.0000,0.0000,0.0000,0.0000,0.0000,259.0288
784.5832,-45.9271,-12.6289,-46.2622,-11.4356,0.0000,-0.0000,0.0000,-0.0000,0.0000,259.0661
784.6846,-45.9271,-12.6289,-46.2622,-11.4356,-0.0000,0.0000,-0.0000,0.0000,0.0000,259.1192
784.8235,-45.9271,-12.6289,-46.2622,-11.4356,-0.0000,0.0000,0.0000,-0.0000,0.0000,259.1268
784.9406,-45.9271,-12.6289,-46.2622,-11.4356,0.0000,0.0000,0.0000,0.0000,0.0000,259.1340
785.0697,-45.9271,-12.6289,-46.2622,-11.4356,-0.0000,0.0000,0.0000,0.0000,0.0000,259.0514
785.1829,-45.9271,-12.6289,-46.2622,-11.4356,-0.0000,0.0000,-0.0000,0.0000,0.0000,259.0605
785.2838,-45.9271,-12.6289,-46.2622,-11.4356,0.0000,-0.0000,0.0000,-0.0000,0.0000,259.1377
785.3952,-45.9271,-12.6289,-46.2622,-11.4356,-0.0000,0.0000,-0.0000,0.0000,0.0000,259.1593
785.4969,-45.9271,-12.6289,-46.2622,-11.4356,0.0000,0.0000,0.0000,-0.0000,0.0000,259.1646
785.6015,-45.9271,-12.6289,-46.2622,-11.4356,-0.0000,0.0000,0.0000,0.0000,0.0000,259.1682
785.7042,-45.9271,-12.6289,-46.2622,-11.4356,-0.0000,0.0000,-0.0000,0.0000,0.0000,259.1613
785.8006,-45.9271,-12.6289,-46.2622,-11.4356,0.0000,-0.0000,0.0000,-0.0000,0.0000,259.1555
785.9007,-45.9271,-12.6289,-46.2622,-11.4356,-0.0000,0.0000,-0.0000,0.0000,0.0000,259.0645
786.0000,-45.9271,-12.6289,-46.2622,-11.4356,-0.0000,0.0000,-0.0000,0.0000,0.0000,259.0282
786.1050,-45.9271,-12.6289,-46.2622,-11.4356,-0.0000,0.0000,-0.0000,0.0000,0.0000,259.0381
786.2021,-45.9271,-12.6289,-46.2622,-11.4356,0.0000,0.0000,0.0000,0.0000,0.0000,259.0537
786.3042,-45.9271,-12.6289,-46.2622,-11.4356,0.0000,0.0000,0.0000,0.0000,0.0000,259.0966
786.4117,-45.9271,-12.6289,-46.2622,-11.4356,-0.0000,0.0000,0.0000,0.0000,0.0000,259.1885
786.5169,-45.9271,-12.6289,-46.2622,-11.4356,0.0000,-0.0000,0.0000,-0.0000,0.0000,259.2232
786.6308,-45.9271,-12.6289,-46.2622,-11.4356,-0.0000,0.0000,0.0000,-0.0000,0.0000,259.1918
786.7513,-45.9271,-12.6289,-46.2622,-11.4356,0.0000,0.0000,0.0000,0.0000,0.0000,259.1886
786.8839,-45.9271,-12.6289,-46.2622,-11.4356,-0.0000,0.0000,0.0000,-0.0000,0.0000,259.1294
786.9998,-45.9271,-12.6289,-46.2622,-11.4356,0.0000,-0.0000,0.0000,0.0000,0.0000,259.1662
787.0941,-45.9271,-12.6289,-46.2622,-11.4356,-0.0000,0.0000,0.0000,-0.0000,0.0000,259.1888
787.1884,-45.9271,-12.6289,-46.2622,-11.4356,-0.0000,0.0000,-0.0000,0.0000,0.0000,259.2091
787.2923,-45.9271,-12.6289,-46.2622,-11.4356,0.0000,-0.0000,0.0000,-0.0000,0.0000,259.2259
787.3938,-45.9271,-12.6289,-46.2622,-11.4356,0.0000,0.0000,0.0000,0.0000,0.0000,259.2358
787.5019,-45.9271,-12.6289,-46.2622,-11.4356,-0.0000,0.0000,-0.0000,0.0000,0.0000,259.1553
787.6482,-45.9271,-12.6289,-46.2622,-11.4356,-0.0000,0.0000,-0.0000,0.0000,0.0000,259.2053
787.7616,-45.9271,-12.6289,-46.2622,-11.4356,-0.0000,0.0000,-0.0000,0.0000,0.0000,259.1934
787.8707,-45.9271,-12.6289,-46.2622,-11.4356,-0.0000,0.0000,-0.0000,0.0000,0.0000,259.1790
788.0107,-45.9271,-12.6289,-46.2622,-11.4356,0.0000,0.0000,0.0000,0.0000,0.0000,259.1711
788.1123,-45.9271,-12.6289,-46.2622,-11.4356,-0.0000,0.0000,-0.0000,0.0000,0.0000,259.1654
788.2242,-45.9271,-12.6289,-46.2622,-11.4356,0.0000,0.0000,0.0000,0.0000,0.0000,259.1555
788.3585,-45.9271,-12.6289,-46.2622,-11.4356,-0.0000,0.0000,0.0000,0.0000,0.0000,259.3090
788.4630,-45.9271,-12.6289,-46.2622,-11.4356,0.0000,0.0000,0.0000,0.0000,0.0000,259.3110
788.5740,-45.9271,-12.6289,-46.2622,-11.4356,-0.0000,0.0000,-0.0000,0.0000,0.0000,259.2914
788.6963,-45.9271,-12.6289,-46.2622,-11.4356,0.0000,0.0000,0.0000,0.0000,0.0000,259.2222
788.8021,-45.9271,-12.6289,-46.2622,-11.4356,0.0000,-0.0000,0.0000,0.0000,0.0000,259.1583
788.9228,-45.9271,-12.6289,-46.2622,-11.4356,-0.0000,0.0000,0.0000,0.0000,0.0000,259.1692
789.0423,-45.9271,-12.6289,-46.2622,-11.4356,0.0000,-0.0000,0.0000,0.0000,0.0000,259.1538
789.1610,-45.9271,-12.6289,-46.2622,-11.4356,0.0000,-0.0000,0.0000,-0.0000,0.0000,259.1980
789.2789,-45.9271,-12.6289,-46.2622,-11.4356,0.0000,0.0000,0.0000,0.0000,0.0000,259.2456
789.3865,-45.9271,-12.6289,-46.2622,-11.4356,-0.0000,0.0000,0.0000,0.0000,0.0000,259.2467
789.4856,-45.9271,-12.6289,-46.2622,-11.4356,0.0000,-0.0000,0.0000,-0.0000,0.0000,259.3203
789.5864,-45.9271,-12.6289,-46.2622,-11.4356,-0.0000,0.0000,-0.0000,0.0000,0.0000,259.2745
789.7003,-45.9271,-12.6289,-46.2622,-11.4356,-0.0000,0.0000,0.0000,0.0000,0.0000,259.2746
789.8272,-45.9271,-12.6289,-46.2622,-11.4356,0.0000,-0.0000,0.0000,-0.0000,0.0000,259.2845
789.9449,-45.9271,-12.6289,-46.2622,-11.4356,-0.0000,0.0000,0.0000,0.0000,0.0000,259.2817
790.0527,-45.9271,-12.6289,-46.2622,-11.4356,0.0000,-0.0000,0.0000,0.0000,0.0000,259.3603
790.1806,-45.9271,-12.6289,-46.2622,-11.4356,-0.0000,0.0000,-0.0000,0.0000,0.0000,259.4431
790.2687,-45.9271,-12.6289,-46.2622,-11.4356,0.0000,-0.0000,0.0000,0.0000,0.0000,259.4583
790.3842,-45.9271,-12.6289,-46.2622,-11.4356,-0.0000,0.0000,0.0000,-0.0000,0.0000,259.4409
790.4929,-45.9271,-12.6289,-46.2622,-11.4356,0.0000,-0.0000,0.0000,-0.0000,0.0000,259.4068
790.6210,-45.9271,-12.6289,-46.2622,-11.4356,0.0000,-0.0000,0.0000,0.0000,0.0000,259.4291
790.7295,-45.9271,-12.6289,-46.2622,-11.4356,0.0000,-0.0000,0.0000,-0.0000,0.0000,259.4480
790.8596,-45.9271,-12.6289,-46.2622,-11.4356,-0.0000,0.0000,-0.0000,0.0000,0.0000,259.4073
790.9815,-45.9271,-12.6289,-46.2622,-11.4356,-0.0000,0.0000,0.0000,-0.0000,0.0000,259.4114
791.0848,-45.9271,-12.6289,-46.2622,-11.4356,-0.0000,0.0000,0.0000,-0.0000,0.0000,259.3869
791.1844,-45.9271,-12.6289,-46.2622,-11.4356,0.0000,0.0000,0.0000,0.0000,0.0000,259.2820
791.2938,-45.9271,-12.6289,-46.2622,-11.4356,0.0000,0.0000,0.0000,0.0000,0.0000,259.2296
791.4008,-45.9271,-12.6289,-46.2622,-11.4356,0.0000,0.0000,-0.0000,0.0000,0.0000,259.2150
791.5266,-45.9271,-12.6289,-46.2622,-11.4356,0.0000,-0.0000,0.0000,-0.0000,0.0000,259.2889
791.6470,-45.9271,-12.6289,-46.2622,-11.4356,-0.0000,0.0000,0.0000,0.0000,0.0000,259.2880
791.8048,-45.9271,-12.6289,-46.2622,-11.4356,0.0000,-0.0000,0.0000,-0.0000,0.0000,259.3135
791.9754,-45.9271,-12.6289,-46.2622,-11.4356,-0.0000,0.0000,0.0000,0.0000,0.0000,259.2996
792.0951,-45.9271,-12.6289,-46.2622,-11.4356,0.0000,-0.0000,0.0000,0.0000,0.0000,259.2771
792.2044,-45.9271,-12.6289,-46.2622,-11.4356,0.0000,0.0000,0.0000,0.0000,0.0000,259.1681
792.3184,-45.9271,-12.6289,-46.2622,-11.4356,-0.0000,0.0000,-0.0000,0.0000,0.0000,259.2598
792.4387,-45.9271,-12.6289,-46.2622,-11.4356,-0.0000,0.0000,-0.0000,0.0000,0.0000,259.2095
792.5561,-45.9271,-12.6289,-46.2622,-11.4356,0.0000,-0.0000,0.0000,0.0000,0.0000,259.2076
792.6946,-45.9271,-12.6289,-46.2622,-11.4356,0.0000,-0.0000,0.0000,0.0000,0.0000,259.2512
792.8043,-45.9271,-12.6289,-46.2622,-11.4356,0.0000,0.0000,0.0000,0.0000,0.0000,259.2157
792.9102,-45.9271,-12.6289,-46.2622,-11.4356,0.0000,-0.0000,0.0000,0.0000,0.0000,259.2105
793.0007,-45.9271,-12.6289,-46.2622,-11.4356,0.0000,0.0000,0.0000,0.0000,0.0000,259.2189
793.1070,-45.9271,-12.6289,-46.2622,-11.4356,0.0000,-0.0000,0.0000,0.0000,0.0000,259.1694
793.2128,-45.9271,-12.6289,-46.2622,-11.4356,0.0000,0.0000,0.0000,0.0000,0.0000,259.1322
793.3102,-45.9271,-12.6289,-46.2622,-11.4356,-0.0000,0.0000,0.0000,0.0000,0.0000,259.1586
793.4197,-45.9271,-12.6289,-46.2622,-11.4356,0.0000,-0.0000,0.0000,0.0000,0.0000,259.1902
793.5243,-45.9271,-12.6289,-46.2622,-11.4356,-0.0000,0.0000,-0.0000,0.0000,0.0000,259.2901
793.8016,-45.9271,-12.6289,-46.2622,-11.4356,0.0000,-0.0000,0.0000,-0.0000,0.0000,259.2926
794.0598,-45.9271,-12.6289,-46.2622,-11.4356,0.0000,-0.0000,0.0000,0.0000,0.0000,259.3215
794.1971,-45.9271,-12.6289,-46.2622,-11.4356,0.0000,-0.0000,0.0000,0.0000,0.0000,259.3025
794.2985,-45.9271,-12.6289,-46.2622,-11.4356,-0.0000,0.0000,-0.0000,0.0000,0.0000,259.2898
794.4262,-45.9271,-12.6289,-46.2622,-11.4356,-0.0000,0.0000,-0.0000,0.0000,0.0000,259.2243
794.5241,-45.9271,-12.6289,-46.2622,-11.4356,-0.0000,0.0000,-0.0000,0.0000,0.0000,259.2205
794.6335,-45.9271,-12.6289,-46.2622,-11.4356,0.0000,0.0000,0.0000,0.0000,0.0000,259.2178
794.7373,-45.9271,-12.6289,-46.2622,-11.4356,-0.0000,0.0000,0.0000,0.0000,0.0000,259.2174
794.8628,-45.9271,-12.6289,-46.2622,-11.4356,-0.0000,0.0000,-0.0000,0.0000,0.0000,259.2267
794.9784,-45.9271,-12.6289,-46.2622,-11.4356,0.0000,0.0000,0.0000,0.0000,0.0000,259.2244
795.0845,-45.9271,-12.6289,-46.2622,-11.4356,-0.0000,0.0000,-0.0000,0.0000,0.0000,259.2229
795.2075,-45.9271,-12.6289,-46.2622,-11.4356,0.0000,0.0000,0.0000,0.0000,0.0000,259.2285
795.3135,-45.9271,-12.6289,-46.2622,-11.4356,0.0000,0.0000,0.0000,0.0000,0.0000,259.2453
795.4305,-45.9271,-12.6289,-46.2622,-11.4356,0.0000,0.0000,0.0000,0.0000,0.0000,259.2633
795.5315,-45.9271,-12.6289,-46.2622,-11.4356,-0.0000,0.0000,-0.0000,0.0000,0.0000,259.3008
795.6551,-45.9271,-12.6289,-46.2622,-11.4356,0.0000,0.0000,0.0000,0.0000,0.0000,259.3583
795.7559,-45.9271,-12.6289,-46.2622,-11.4356,-0.0000,0.0000,0.0000,-0.0000,0.0000,259.3470
795.8672,-45.9271,-12.6289,-46.2622,-11.4356,0.0000,0.0000,0.0000,0.0000,0.0000,259.3418
795.9952,-45.9271,-12.6289,-46.2622,-11.4356,0.0000,-0.0000,0.0000,0.0000,0.0000,259.3170
796.0989,-45.9271,-12.6289,-46.2622,-11.4356,0.0000,0.0000,0.0000,0.0000,0.0000,259.2308
796.2114,-45.9271,-12.6289,-46.2622,-11.4356,0.0000,0.0000,0.0000,0.0000,0.0000,259.2490
